序号,英文品牌名,slug,中文展示名,国家/地区中文,国家/地区英文,品牌类型,库存数量,优先级,品牌库状态,示例商品,品牌卡片短简介（30-50字）,品牌详情页简介（100-200字）,品牌背景/故事（可选）,风格特点（3-5个关键词）,代表系列/代表斗型,适合人群,资料来源URL 1,资料来源URL 2,审核状态（待填写/待核验/可入库/暂不展示）,备注
1,Nørding,nording,诺丁,丹麦,Denmark,工坊/量产兼具,387,high,品牌库显示,,丹麦自由式代表品牌之一，强调大胆造型、石楠纹理与手工感。｜EN: Danish freehand pipes known for bold shapes and expressive briar grain.,Nørding 由 Erik Nørding 创立，是丹麦自由式烟斗的重要代表。品牌产品从经典手工斗到 Compass、Keystone、Hunting Pipe 等系列都有覆盖，整体更重视石楠木天然形态、纹理走向和个性化外观，适合喜欢丹麦风格与自然造型的玩家。,品牌源自 Erik Nørding 1950 年代末的制斗爱好，后来发展为多代参与的家族事业。1960—70 年代丹麦 Freehand 风潮兴起，Nørding 凭借自由式造型和较强生产能力被国际市场认识。,丹麦自由式；造型大胆；Plateau木料；纹理表现；实验设计,Freehand；Hunting Pipe,喜欢个性造型、丹麦自由式和大斗钵的玩家,https://www.nordingpipes.com/,https://www.nordingpipes.com/pipes/freehand,可入库,
2,Savinelli,savinelli,沙芬,意大利,Italy,量产品牌,222,high,品牌库显示,,意大利代表性烟斗品牌，型号清晰、系列丰富，适合从新手到进阶玩家。｜EN: Iconic Italian pipes with clear shape numbers and broad series choices.,Savinelli 是意大利最具代表性的烟斗品牌之一，源头可追溯至 1876 年米兰烟具店。品牌优势在于成熟稳定的产品体系：经典斗型多、系列层级清晰、价格覆盖广，从日常使用到高阶手工线都有选择。,1876 年 Achille Savinelli Sr. 在米兰大教堂附近开设烟具专门店。二战后，Achille Savinelli Jr. 推动品牌进入制斗生产阶段，使 Savinelli 成为现代意大利烟斗工业的重要代表。,意式经典；型号清晰；量产稳定；选择丰富；入门友好,Roma；Autograph,新手、日常使用者、希望按型号选斗的进阶玩家,https://www.savinelli.it/rw2_en/our-story,https://www.savinelli.it/rw_en/savinelli-models,可入库,
3,Chacom,chacom,查科姆,法国,France,量产品牌,155,high,品牌库显示,,法国圣克洛德传统品牌，承接 Comoy 与 Chapuis 家族制斗脉络。｜EN: Traditional French pipes from Saint-Claude with Comoy-Chapuis heritage.,Chacom 是法国圣克洛德烟斗传统中的重要品牌，名称来自 Chapuis 与 Comoy 两个家族。品牌以法式经典斗型、稳定生产和亲民价位见长，适合作为了解法国石楠根烟斗体系的入口。,Chacom 品牌诞生于 1928 年，背后可追溯到 Comoy 家族与 Chapuis 家族在圣克洛德的制斗历史。圣克洛德长期被视为法国石楠根烟斗重镇，Chacom 也延续了这一地区的传统工艺。,法式传统；圣克洛德；经典斗型；价格友好；量产稳定,Chacom Royale；Chacom Atlas,想体验法国传统斗型、预算友好的新手与日常玩家,https://www.pipechacom.com/en/history.htm,https://www.smokingpipes.com/smokingpipesblog/single.cfm/post/the-history-chacom-and-comoys-london-part,可入库,
4,Peterson,peterson,彼得森,爱尔兰,Ireland,量产品牌,141,high,品牌库显示,,"爱尔兰经典烟斗品牌，以 System 系统斗、银饰军插和厚重英伦气质著称。｜EN: Classic Irish pipes known for System engineering, silver mounts and stout shapes.",Peterson 是爱尔兰最具辨识度的烟斗品牌之一，以 System 系统结构、P-Lip 烟嘴、银饰军插和厚实斗型闻名。品牌产品线覆盖日常系列、Sherlock Holmes、Deluxe System 等，适合喜欢传统气质和功能结构的玩家。,Peterson 的历史通常追溯至 19 世纪都柏林 Kapp 兄弟的烟具店，Charles Peterson 后来带来系统斗相关设计，使品牌形成独特技术标签。至今 Peterson 仍是爱尔兰烟斗文化的重要代表。,爱尔兰传统；System系统斗；P-Lip；银饰军插；厚重斗型,System Standard；Sherlock Holmes,新手、传统英式/爱尔兰风格爱好者、系统斗玩家,https://pipedia.org/wiki/Peterson,https://www.alpascia.com/moments/en/detail/61/peterson,可入库,
5,Vauen,vauen,华云,德国,Germany,量产品牌,137,high,品牌库显示,,"德国老牌烟斗厂，以严谨做工、9mm滤芯体系和现代设计见长。｜EN: Historic German pipes known for precision, 9mm filters and modern series.",VAUEN 是德国历史悠久的烟斗品牌，官方资料将其源头追溯至 1848 年纽伦堡。品牌以稳定加工、9mm 滤芯体系、现代外观和德式实用风格著称，在欧洲市场具有很高识别度。,1848 年 Karl Ellenberger 与 Carl August Ziener 在纽伦堡创办德国早期烟斗制造业务。1901 年与 Gebhard Ott 工厂合并后形成 VAUEN 名称来源，品牌长期延续纽伦堡制造传统。,德式严谨；9mm滤芯；现代设计；做工稳定；入门友好,Auenland；Classic,偏好滤芯系统、日常使用和现代外观的玩家,https://www.vauen.com/company.html,https://pipedia.org/wiki/VAUEN,可入库,
6,W.Ø. Larsen,w-o-larsen,W.Ø. 拉森,丹麦,Denmark,历史品牌/零售店系,115,high,品牌库显示,,哥本哈根传奇烟具店系品牌，与丹麦手工斗黄金年代关系密切。｜EN: Legendary Copenhagen tobacconist linked to Denmark’s handmade pipe tradition.,W.Ø. Larsen 是丹麦哥本哈根著名烟具店与品牌名，历史上与丹麦手工烟斗黄金年代关系密切。其店铺和工作室曾聚集多位丹麦制斗师，市场上 Larsen 手工斗常被视为丹麦传统工坊体系的重要遗存。,W.Ø. Larsen 可追溯至哥本哈根老牌烟草/烟具业务。20 世纪中后期，其手工斗与丹麦设计风格一起受到国际关注，Former、Teddy Knudsen 等制斗师都与这一体系有联系。,丹麦传统；店铺系品牌；手工斗；自由式影响；收藏属性,Straight Grain；Hand Made,丹麦老斗收藏者、重视历史背景的进阶玩家,https://pipedia.org/wiki/W.%C3%98._Larsen,https://www.pipesandcigars.com/category/shop-by-brand/wo-larsen/,可入库,
7,Dunhill,dunhill,登喜路,英国,United Kingdom,高端传统品牌,110,high,品牌库显示,,英国经典高端烟斗品牌，以白点标识、严格分级和传统英式斗型闻名。｜EN: Classic high-end English pipes known for the White Spot and refined grading.,Dunhill / The White Spot 是英国烟斗传统中最具影响力的高端品牌之一。其产品以经典英式斗型、白点标识、手工整理、喷砂与光面分级著称，长期被许多收藏者视为英国烟斗工艺的重要标杆。,Alfred Dunhill 1907 年在伦敦开设烟草店，1910 年左右建立内部制斗工作室。白点最初用于帮助使用者辨认烟嘴方向，后来成为品牌极具辨识度的标志。,英式经典；白点标识；高端分级；喷砂工艺；收藏属性,Shell Briar；Bruyere,高预算玩家、英国经典斗收藏者、重视品牌体系的用户,https://whitespot.co.uk/history.asp,https://www.smokingpipes.com/smokingpipesblog/single.cfm/post/visiting-the-white-spot,可入库,
8,Rattray's,rattray-s,拉特雷,苏格兰,Scotland,品牌/委托生产,93,high,品牌库显示,,苏格兰烟草传统品牌，烟斗多以经典造型和欧洲代工体系呈现。｜EN: Scottish heritage brand offering classic pipes through European production.,Rattray’s 源于苏格兰 Perth 的烟草商传统，今日烟斗产品多围绕经典造型、装饰环和系列化设计展开。它不是典型单一工坊品牌，更适合作为带有苏格兰烟草文化背景的欧洲品牌线理解。,官方资料称 Charles Rattray 于 1911 年接手 Perth 的烟草店，以调配烟草闻名。后来 Rattray’s 将品牌延伸到烟斗和配件，现代产品由欧洲制造体系支持。,苏格兰传统；经典造型；系列化；装饰感；烟草品牌延伸,The Witch；Fachen,喜欢经典外观、品牌配件体系和日常价位的玩家,https://www.rattrays-pipes.com/en/,https://www.smokingpipes.com/pipes/new/Rattrays/,可入库,
9,Stanwell,stanwell,史丹威,丹麦,Denmark,量产品牌,78,high,品牌库显示,,丹麦代表性量产烟斗品牌，把丹麦设计带入更广泛的国际市场。｜EN: Major Danish pipe brand that brought Danish design to a broad audience.,Stanwell 是丹麦烟斗史中的关键品牌之一，以量产体系承接丹麦设计语言。它与 Sixten Ivarsson 等丹麦制斗师有深厚联系，将自由、更流动的丹麦斗型转化为可规模生产的产品。,Stanwell 的重要性在于把丹麦烟斗从小范围手工设计推向国际市场。其许多经典斗型来自丹麦制斗师合作设计，后期生产曾转至意大利，因此二手市场常区分丹麦产与意大利产时期。,丹麦设计；量产稳定；经典编号；自由曲线；二手常见,Royal Guard；Danish Design,想体验丹麦设计但预算相对理性的玩家,https://pipedia.org/wiki/Stanwell,https://www.smokingpipes.com/smokingpipesblog/single.cfm/post/stanwell-shapes-and-origins,可入库,
10,BPK,bpk,BPK,捷克,Czech Republic,量产品牌,54,high,品牌库显示,,捷克传统烟斗品牌，主打亲民石楠烟斗，也可见海泡石等材质选择。｜EN: A Czech pipe brand known for affordable briar pipes and practical everyday options.,BPK 是捷克烟斗品牌，公开资料显示其定位偏亲民实用，产品以石楠烟斗为主，也可见海泡石等材质。它更适合作为入门或日常使用品牌展示，不宜过度强调高端收藏属性。,Pipedia 将 BPK 归入捷克品牌，并描述为有传统的经济型品牌，主要以工厂化生产和出口为主。品牌故事资料不多，建议以“捷克实用品牌”角度呈现。,捷克制造；价格亲民；石楠烟斗；入门实用,Classic Briar；Meerschaum,预算有限的新手、日常使用型用户,https://pipedia.org/wiki/BPK,https://pipedia.org/wiki/Pipe_Brands_/_Makers,可入库,已复核 Pipedia 条目，可入库；定位应保持亲民实用，不夸大历史。
11,Falcon,falcon,猎鹰,英国,United Kingdom,系统斗品牌,54,high,品牌库显示,,轻量金属烟杆与可替换斗钵体系，结构独特、实用性强。｜EN: Lightweight system pipes with aluminum stems and interchangeable bowls.,Falcon 以铝制烟杆和可替换石楠斗钵构成独特系统斗，外观与传统石楠斗明显不同。它的优势是轻、易维护、可更换斗钵，适合重视实用、便携和清洁效率的玩家。,Falcon 系统由美国工程师 Kenly Bugg 于 1930 年代设计，后在英国生产并流行。其核心思路是用金属烟杆帮助散热，并通过可替换斗钵提升使用灵活性。,金属系统斗；可替换斗钵；轻量；易维护；便携,Classic Stem；Hunter Bowl,重视实用、便携、低维护成本的玩家,https://pipedia.org/wiki/Falcon,https://www.smokingmetal.co.uk/pipe.php?page=107,可入库,
12,Unknown Meerschaum,unknown-meerschaum,无品牌海泡石,土耳其,Turkey,分类/无品牌烟斗,41,high,品牌库显示,,"无品牌海泡石分类，少了品牌溢价，更看重雕刻工艺、材质表现与实用性。｜EN: Unbranded meerschaum pipes valued for carving, material quality and lower brand premium.",Unknown Meerschaum 可作为“无品牌海泡石”分类理解，并非具体制造商。此类烟斗主要看海泡石材质、雕刻工艺、成色、斗钵状态与烟嘴做工。没有品牌溢价，但若材质、工艺和保存状态良好，仍然颇具吸引力。,海泡石烟斗长期与土耳其埃斯基谢希尔地区的材料和雕刻传统相关。无品牌条目无法确认具体工坊或制作者，展示时应把重点放在材质、工艺和实物状态，而不是品牌历史。,无品牌分类；海泡石；雕刻工艺；材质表现；低品牌溢价,雕刻海泡石；光面海泡石,关注材质与工艺、不追求品牌溢价的玩家,"https://pipedia.org/wiki/A_Magical_Mystery_Tour:_Meerschaum,_the_Queen_(or_King)_of_Tobacco_Pipes",https://www.smokingpipes.com/smokingpipesblog/single.cfm/post/the-history-meerschaum-pipes,可入库,按用户反馈调整：作为无品牌海泡石分类进入品牌库；不是具体品牌，页面文案需避免写成品牌史。
13,White Star Pipes,white-star-pipes,白星,丹麦,Denmark,重复项/品牌别名,33,high,仅展示品牌名,,,,,,,,https://www.danishpipeshop.com/l/Pipes/White-Star-/-f%2C%2CShow-all,https://pipedia.org/wiki/Danish_Pipe_Brands_%26_Makers_U_-_Z,仅展示品牌名,非独立品牌或重复/系列/单品项；品牌库可仅展示名称，详情内容不展开，并在商品库归并到母品牌。
14,Dagner Pipes,dagner-pipes,达格纳,美国,United States,现代品牌/委托生产,30,high,品牌库显示,,美国现代烟斗品牌，风格偏粗犷复古，产品多为设计后委托生产。｜EN: Modern American pipe brand with rugged styling and contract-made production.,Dagner Pipes 是美国现代烟斗品牌，围绕 Dagner 家族/社群文化形成辨识度。公开资料显示，其石楠根烟斗并非传统意义上的独立制斗师手作，而是品牌设计后由意大利工厂生产，定位更偏日常、复古和性价比路线。,Danish Pipe Shop 将 Dagner Pipes 作为品牌分类销售，并称其为北欧地区独家经销之一。Pipedia 收录的品牌介绍也提到 Dagner 与意大利工厂合作生产烟斗。,美国品牌；意大利代工；复古粗犷；社群属性；日常价位,Poker；Corn Cob collaboration,喜欢美式复古风格、预算相对理性、偏日常使用的玩家,https://www.danishpipeshop.com/l/pipes/Dagner-Pipes-,https://pipedia.org/wiki/Dagner_Pipes,可入库,与第73行 Dagner 重复；保留 Dagner Pipes 作为规范品牌名。
15,Brebbia,brebbia,芭比,意大利,Italy,量产品牌,29,high,品牌库显示,,意大利老牌制斗厂，源自 Varese 地区，与 Savinelli 早期历史有关。｜EN: Italian pipe maker from the Varese area with roots linked to Savinelli history.,Brebbia 是意大利 Varese 地区的重要烟斗品牌，产品覆盖经典光面、喷砂、雕刻和多种系列。品牌定位较实用，价格通常比顶级手工意大利品牌更亲民，但仍保留传统意式斗型与工厂制造稳定性。,Brebbia 的历史始于 1947 年 Enea Buzzi 与 Achille Savinelli 的合作。1950 年代双方分开后，Enea Buzzi 继续发展以 Brebbia 为名的制斗事业，形成独立品牌。,意大利传统；工厂稳定；价格友好；系列多样；经典斗型,Rocciata；MPB,日常玩家、想尝试意大利工厂斗的用户,https://www.brebbiapipe.it/en/company/history/64-a-story-began-in-1947,https://pipedia.org/wiki/Brebbia,可入库,
16,Georg Jensen,georg-jensen,乔治·杰森,丹麦,Denmark,历史工坊/量产品牌,28,high,品牌库显示,,"丹麦历史烟斗品牌，由 Per Georg Jensen 创立，常见经典量产斗与少量高阶手工款。｜EN: A Danish pipe brand founded by Per Georg Jensen, known for classic factory pipes and select handmade pieces.",Georg Jensen 是丹麦历史烟斗品牌，与同名银器品牌需要区分。资料显示其烟斗工厂由 Per Georg Jensen 夫妇于 1954 年在哥本哈根创立，产品既有常规量产线，也有手工特殊版和自由式作品。,Georg Jensen 烟斗工厂后来由其家族成员继续经营。公开资料提到，品牌年产量约为数千支，旗下还出现 White Star、North Dane、Danets 等副牌或相关线。,丹麦传统；量产稳定；手工特别版；副牌体系,Masterpiece；White Star,喜欢丹麦老牌、二手丹麦斗的用户,https://pipedia.org/wiki/Georg_Jensen,https://rebornpipes.com/tag/georg-jensen-made-in-denmark-pipes/,可入库,需与丹麦银器品牌 Georg Jensen 区分；本条指烟斗品牌。
17,Kai Nielsen,kai-nielsen,凯·尼尔森,丹麦,Denmark,独立手工制斗师,26,high,品牌库显示,,丹麦手工制斗师，作品多见自由式线条和自然石楠纹理。｜EN: Danish artisan pipes with freehand lines and natural briar expression.,Kai Nielsen 是丹麦制斗师名号，公开目录将其列为丹麦制斗师。系统性资料有限，但其作品在二手市场常以丹麦手工斗呈现，适合谨慎作为独立制斗师条目展示。,公开资料较少，Pipedia 的丹麦品牌/制斗师列表将 Kai Nielsen 归入丹麦制斗师。品牌库中不建议虚构师承和创立年份，可重点结合实物戳记与库存图片说明。,丹麦手工；自由式；自然纹理；资料有限,Freehand；Handmade,关注丹麦小众手工斗的进阶玩家,https://pipedia.org/wiki/Danish_Pipe_Brands_%26_Makers_M_-_Q,https://pipedia.org/wiki/Denmark,可入库,有丹麦制斗师目录依据，但资料有限，内容保守呈现。
18,Nuttens Pipes,nuttens-pipes,努滕斯,法国,France,制斗师品牌,26,high,品牌库显示,,"法国制斗师品牌，由比利时出生的 Bruno Nuttens 创立，以修复经验和手工烟斗见长。｜EN: A France-based artisan brand by Belgian-born Bruno Nuttens, known for restoration experience and handmade pipes.",Nuttens Pipes 是 Bruno Nuttens 的个人制斗品牌。Bruno Nuttens 出生于比利时，长期在法国生活和工作，早期从烟斗修复开始，随后转向手工制斗。其作品包括完全手工制作的高阶烟斗，也包括 Heritage、Vintage Collection 等斗坯再创作系列。,公开资料提到，Bruno Nuttens 曾受到 Pierre Morel 的建议和影响，也受到德国制斗师及意大利制斗师 Paolo Becker 风格启发。其官网区分全手工制作品与 Heritage / Vintage Collection 等不同产品线。,法国手工；修复经验；细长比例；斗坯再创作；欧洲现代工坊,Heritage；Bing / Mini Bing,关注欧洲独立制斗师、喜欢修长线条的玩家,https://pipedia.org/wiki/Nuttens_Pipes,https://nuttenspipes.com/,可入库,品牌语境主要为法国制斗；备注：Bruno Nuttens 为比利时出生。
19,Johs Pipes,johs-pipes,约斯,丹麦,Denmark,工坊品牌/制斗师品牌,21,high,品牌库显示,,丹麦 Johs 工坊烟斗，常见自由式和实用价位手工斗。｜EN: Danish workshop pipes known for accessible handmade freehand styles.,Johs Pipes 是丹麦制斗师/工坊品牌，Pipedia 资料显示其长期为 Bjarne Nielsen 制作烟斗，后以 Johs 名义出售作品。相比顶级名家，Johs 更适合以合理预算体验丹麦手工斗的用户。,Johs 的早期作品曾长期以 Bjarne 品牌销售，未必带有其本人戳记。后来 Johs Pipes 作为独立工坊名号出现，常见 Handmade in Denmark 标识。,丹麦工坊；自由式；手工修整；价格相对友好,Handmade；Freehand,想入门丹麦手工斗的用户,https://pipedia.org/wiki/Johs,https://www.danishpipeshop.com/l/pipes/Johs-Pipes-,可入库,已补充 Pipedia 来源，可作为可入库品牌/工坊条目。
20,BBB,bbb,BBB,英国,United Kingdom,历史品牌,20,high,品牌库显示,,英国历史品牌之一，名称常被理解为 Britain’s Best Briars。｜EN: Historic English brand often associated with “Britain’s Best Briars”.,BBB 是英国老牌烟斗名号，市场上多见 vintage 与 estate 斗。品牌名称在资料中有 Blumfeld’s Best Briars 与 Britain’s Best Briars 两种解释，适合以英国历史品牌和收藏市场视角理解。,BBB 与 Adolph Frankau 公司及 Blumfeld 家族经营有关，19 世纪后期逐步成为知名英国烟斗品牌。由于年代跨度长，不同时期品质和产地需要结合戳记判断。,英国老牌；古董斗常见；戳记复杂；经典斗型；收藏向,Own Make；Virgin,关注英国老斗、愿意研究戳记和年代的玩家,https://pipedia.org/wiki/BBB,https://rebornpipes.com/2012/08/05/history-of-bbb-pipes/,可入库,
21,Missouri Meerschaum,missouri-meerschaum,密苏里海泡石,美国,United States,玉米芯烟斗品牌,20,high,品牌库显示,,"美国玉米芯烟斗代表品牌，轻便、亲民，是入门和试草常用选择。｜EN: American corn cob pipes known for affordability, light weight and practicality.",Missouri Meerschaum 是美国玉米芯烟斗最具代表性的品牌，位于密苏里州 Washington。它的烟斗轻、便宜、维护简单，常被用于新手入门、试草或户外随身使用，与传统石楠斗形成鲜明对比。,官方历史将品牌源头追溯至 1869 年 Henry Tibbe 制作玉米芯烟斗。经过防火处理和规模化生产后，玉米芯烟斗成为美国烟斗文化中非常独特的一支。,玉米芯；轻便；价格亲民；试草友好；美国传统,Legend；Country Gentleman,新手、试草用户、户外和轻便使用者,https://corncobpipe.com/our-history/,https://www.smokingpipes.com/smokingpipesblog/single.cfm/post/the-history-the-macarthur-corn-cob-pipe,可入库,
22,Benner,benner,本纳,丹麦,Denmark,独立手工制斗师,19,high,品牌库显示,,"丹麦制斗师 Bent “Benner” Nielsen 的手工烟斗，带有传统丹麦斗型气质。｜EN: Danish handmade pipes by Bent “Benner” Nielsen, rooted in classic Danish shaping.",Benner 指丹麦制斗师 Bent “Benner” Nielsen。Danish Pipe Shop 资料称其生于 1944 年，受过木匠训练，1970 年代曾为 Karl-Erik Pipes 制作丹麦烟斗。品牌库可按丹麦制斗师条目展示。,Benner 的公开资料不算丰富，但其与 Karl-Erik 体系及丹麦手工斗传统有关。展示时建议突出“丹麦老派手工制斗师”，不虚构系列体系。,丹麦手工；木匠背景；传统斗型；二手市场常见,Handmade；Estate Benner,喜欢丹麦老派手工斗、二手斗的用户,https://www.danishpipeshop.com/l/Pipes/Benner-Pipes-/-f%2C%2CDover%2C%2CEbonite-Vulcanite,https://pipedia.org/wiki/Category:Denmark,可入库,根据 Danish Pipe Shop 资料复核，保守入库。
23,Peder Jeppesen,peder-jeppesen,佩德·耶佩森,丹麦,Denmark,制斗师/品牌线,19,high,品牌库显示,,"丹麦制斗师 Peder Jeppesen，与 Neerup 品牌线关系密切，作品偏现代丹麦风格。｜EN: Danish artisan Peder Jeppesen, closely associated with Neerup pipes and modern Danish lines.",Peder Christian Jeppesen 是丹麦制斗师，其制斗名/品牌线 Neerup 来自家族旧姓。作品常见现代丹麦比例、自由式影响与装饰细节。若网站已有 Neerup 条目，Peder Jeppesen 可作为相关制斗师条目或与 Neerup 合并展示。,Pipedia 中 Peder Jeppesen 条目重定向至 Neerup，说明两者关系紧密。为避免重复，品牌库可将 Peder Jeppesen 作为制斗师名展示，同时在备注中引导归并 Neerup。,丹麦手工；Neerup 关联；现代线条；自由式影响,Neerup；Handmade,关注现代丹麦手工斗的玩家,https://pipedia.org/wiki/Neerup,https://pipedia.org/index.php?redirect=no&title=Peder_Jeppesen,可入库,建议与 Neerup 做关联/合并逻辑；不要写成与 Neerup 完全无关的独立品牌。
24,Berggreen Pipes,berggreen-pipes,贝格格林,丹麦,Denmark,独立手工制斗师品牌,18,high,品牌库显示,,"丹麦手工烟斗品牌，由前 LEGO 设计主管 Ib Hartmann Berggreen 打造，风格简洁现代。｜EN: Danish artisan pipes by former LEGO design chief Ib Hartmann Berggreen, known for clean Nordic design.",Berggreen Pipes 是丹麦制斗师 Ib Hartmann Berggreen 的个人品牌。Danish Pipe Shop 介绍其曾任 LEGO 设计主管，之后全职制作烟斗。作品强调简洁、清爽的北欧设计，也会尝试新的造型边界。,Ib Hartmann Berggreen 来自哥本哈根，公开资料称他与 Tom Eltang 以及 S. Bang 相关制斗圈保持交流。其设计背景让作品更偏现代北欧审美，而不是传统量产品牌路线。,北欧简洁；设计师背景；现代丹麦线条；小批量手工,Facet Bulldog；Handmade,喜欢现代北欧设计和小众手工斗的玩家,https://www.danishpipeshop.com/l/Pipes/Berggreen-Pipes-,https://pipedia.org/wiki/Category:Denmark,可入库,已找到 Danish Pipe Shop 具体品牌介绍，可入库。
25,Bay Denmark,bay-denmark,贝伊,丹麦,Denmark,独立手工制斗师品牌,17,high,品牌库显示,,"丹麦年轻制斗师 Mike Bay 的品牌，受 Tom Eltang 工作室影响，线条轻盈。｜EN: Danish artisan pipes by Mike Bay, shaped by Tom Eltang’s workshop influence and a light modern style.",Bay Denmark 可对应丹麦制斗师 Mike Sebastian Bay。Pipedia 资料称其自 2015 年起参与 Tom Eltang 工作室，并受其制斗风格影响。作品常见轻盈比例、前倾斗钵和自然材质装饰。,Mike Bay 最初因修复父亲旧烟斗而接触制斗，后来进入 Tom Eltang 体系学习和工作。公开资料认为其作品能看到 Eltang 式锈面和造型语言，但也逐步形成自己的签名。,丹麦手工；Eltang 影响；轻盈比例；自然装饰,Handmade；Poker / Forward Tilted Bowls,喜欢新生代丹麦手工斗的玩家,https://pipedia.org/wiki/Mike_Bay,https://www.danishpipeshop.com/l/Pipes/Bay-Denmark-/-f%2C%2C%2CNo-chamber-coating%2C%2C%2C%2C%2C%2C%2C%2C%2C%2C%2C%2C%2C%2C%2CHigh-Low,可入库,原表 Bay 调整为 Bay Denmark / Mike Bay 相关条目。
26,Volkan,volkan,沃尔坎,意大利,Italy,独立手工制斗师品牌,17,high,品牌库显示,,"意大利手工烟斗品牌，由 Alberto F. Paronelli 制作，常见优质石楠与个性造型。｜EN: Italian handmade pipes by Alberto F. Paronelli, known for quality briar and individual shaping.",Volkan 是意大利手工烟斗品牌，Pipedia 资料显示其由 Alberto F. Paronelli 制作，使用来自意大利撒丁岛 Gallura 的优质石楠。品牌适合按意大利独立制斗师作品展示。,Volkan 的公开资料不算多，但可确认其为意大利手工制作，并与 Alberto F. Paronelli 关联。展示时建议以材质、手工属性和意大利产地为主。,意大利手工；撒丁石楠；个性造型；小批量,Handmade；Freeform,关注意大利独立制斗师的玩家,https://pipedia.org/wiki/Volkan,https://pipedia.org/wiki/Italian_Pipe_Brands_%26_Makers_T_-_Z,可入库,已查到具体 Pipedia 条目，可入库。
27,Hans Former Nielsen,hans-former-nielsen,佛么,丹麦,Denmark,独立手工制斗师,13,high,品牌库显示,,丹麦大师级制斗师，线条精确、做工克制，深受收藏者重视。｜EN: Master Danish carver known for exacting workmanship and restrained elegance.,Hans “Former” Nielsen 是丹麦大师级制斗师，长期参与丹麦手工斗体系。作品通常不靠夸张装饰取胜，而以比例、钻孔、线条和完成度体现价值，是进阶收藏者非常重视的名字。,Former 早年曾在 Poul Rasmussen、W.Ø. Larsen 等体系工作，也参与培养和管理其他制斗师。其漫长履历使他成为丹麦手工斗传统中的关键人物。,丹麦大师；线条克制；做工精准；收藏向；传统手工,Straight Grain；Freehand,高阶玩家、丹麦手工斗收藏者,https://pipedia.org/wiki/Former,https://www.smokingpipes.com/smokingpipesblog/single.cfm/post/legendary-hans-former-nielsen,可入库,
28,Neerup,neerup,尼鲁普,丹麦,Denmark,制斗师品牌/品牌线,13,high,品牌库显示,,"丹麦制斗师 Peder Jeppesen 的品牌线，以现代丹麦比例、自由式影响和装饰细节见长。｜EN: A Danish pipe line by Peder Jeppesen, known for modern proportions, freehand influence and decorative accents.",Neerup 是丹麦制斗师 Peder Christian Jeppesen 使用的制斗名/品牌线，名称来自其家族旧姓。其作品常见现代丹麦线条、自由式影响、彩色装饰和较强的日用属性，介于手工制斗师作品与较易入手的丹麦精品斗之间。,Pipedia 中 Peder Jeppesen 与 Neerup 的条目互相关联，Danish 资料也把 Neerup 视作 Peder Jeppesen 的制斗品牌。它不是单纯系列名，也不应写成与 Peder 无关的大厂品牌。,现代丹麦；自由式影响；彩色装饰；日用性强,Classic；Ida,喜欢现代丹麦手工斗、预算中高的玩家,https://pipedia.org/wiki/Neerup,https://pipedia.org/wiki/Danish_Pipe_Brands_%26_Makers_M_-_Q,可入库,修正：Neerup 是 Peder Jeppesen 的制斗品牌/品牌线，不宜写成独立人名。
29,Castello,castello,卡斯特罗,意大利,Italy,高端工坊品牌,11,high,品牌库显示,,"意大利高端手工烟斗代表，以 Cantù 制作、强烈造型和分级体系闻名。｜EN: High-end Italian handmade pipes from Cantù, known for bold shapes and grading.",Castello 是意大利高端手工烟斗代表，1947 年由 Carlo Scotti 在 Cantù 创立。品牌强调手工完成、意式审美和鲜明分级，Sea Rock、Old Antiquari 等表面处理极具辨识度。,Carlo Scotti 希望做出能与英国高端烟斗竞争的意大利烟斗品牌。Castello 后来在国际市场尤其是美国收藏圈获得高度认可，形成独立的尺寸、分级和饰面语言。,意式高端；手工完成；Sea Rock；大斗钵；收藏属性,Sea Rock Briar；Old Antiquari,高预算玩家、意大利斗收藏者、重视个性造型者,https://www.castello.net/,https://pipedia.org/wiki/Castello,可入库,
30,George Boyadjiev,george-boyadjiev,乔治·博雅杰夫,保加利亚,Bulgaria,独立手工制斗师品牌,11,high,品牌库显示,,"保加利亚制斗师 George Boyadjiev 的个人品牌，常以 GB Pipes 名义出现。｜EN: Bulgarian artisan pipes by George Boyadjiev, often associated with the GB Pipes name.",George Boyadjiev 是保加利亚制斗师，公开品牌/制斗师列表中常以 GB Pipes 对应 George Boyadjiev。系统资料较少，但可以作为保加利亚独立制斗师条目保守展示。,Pipedia 品牌/制斗师索引将 GB Pipes 标注为 George Boyadjiev。由于公开履历有限，品牌库不建议虚构师承或年份，适合以“保加利亚小众手工斗”角度呈现。,保加利亚手工；GB Pipes；小众制斗师；资料有限,GB Pipes；Handmade,关注东欧小众手工斗的玩家,https://pipedia.org/wiki/Pipe_Brands_/_Makers,https://pipedia.org/wiki/Category:Pipe_makers_by_nationality,可入库,有制斗师索引依据，但资料有限，内容保守。
31,Suhr Pipes,suhr-pipes,苏尔,丹麦,Denmark,历史/工坊品牌,11,high,仅展示品牌名,,,,,,,,https://www.danishpipeshop.com/,https://pipedia.org/wiki/Main_Page,仅展示品牌名,疑似丹麦历史/店铺品牌项，但公开资料不足且易与同名吉他品牌混淆；仅展示名称。
32,Søren Refbjerg,soren-refbjerg,索伦·雷夫比耶,丹麦,Denmark,历史工坊/制斗师品牌,10,high,品牌库显示,,"丹麦制斗师 Søren Refbjerg Rasmussen 的工坊品牌，曾在 1970 年代雇用多名工匠。｜EN: Danish pipes by Søren Refbjerg Rasmussen, whose workshop employed several craftsmen in the 1970s.",Søren Refbjerg Rasmussen 是丹麦制斗师，Pipedia 资料显示其于 1969 年创办公司，并在 1970 年代平均雇用 8–12 名工匠。其作品属于丹麦手工/工坊传统的一部分。,Refbjerg 与 Søborg 等丹麦老品牌/工坊线存在关联。公开资料显示，部分 Søborg 烟斗至少出自其 Søborg 工作室，不一定都由本人亲手完成。,丹麦工坊；1970年代；手工传统；Søborg 关联,Refbjerg；Søborg,喜欢丹麦老工坊和二手斗的用户,https://pipedia.org/wiki/Refbjerg,https://pipedia.org/wiki/Soborg,可入库,已找到 Pipedia 条目，可入库。
33,Tom Eltang,tom-eltang,汤姆·艾尔唐,丹麦,Denmark,独立手工制斗师,10,high,品牌库显示,,"丹麦当代名家，以精准线条、克制审美和工程细节著称。｜EN: Renowned Danish artisan known for clean lines, precision and engineering detail.",Tom Eltang 是丹麦当代重要独立制斗师，作品以干净线条、精准比例和优秀工程细节见长。除高阶手工斗外，他也发展了 Basic、Sara Eltang 等更易入门的产品线。,Tom Eltang 16 岁起跟随 Anne Julie 学习，后曾在 Pipe-Dan、Stanwell 等体系工作，1980 年起在哥本哈根以个人名义制斗。其风格代表了现代丹麦手工斗的成熟审美。,丹麦名家；线条克制；工程精准；现代审美；收藏向,Basic；Snail,进阶玩家、丹麦手工斗收藏者、重视细节的用户,https://www.eltang.com/about-eltang,https://pipedia.org/wiki/Eltang,可入库,
34,Unbranded,unbranded,,待定,TBD,非品牌项,9,medium,仅展示品牌名,,,,,,,,,,仅展示品牌名,非独立品牌或重复/系列/单品项；品牌库可仅展示名称，详情内容不展开，并在商品库归并到母品牌。
35,Henri Pipes,henri-pipes,亨利,丹麦,Denmark,待核验品牌,8,medium,仅展示品牌名,,,,,,,,https://www.danishpipeshop.com/,https://pipedia.org/wiki/Main_Page,仅展示品牌名,未查到足够可靠的公开品牌资料；品牌库可仅展示名称，不展开简介、背景或代表系列。
36,Poul Winsløw,poul-winslow,保罗·温斯洛,丹麦,Denmark,独立手工制斗师,7,medium,品牌库显示,,"丹麦自由式手工斗名家，常见金属、角材和色彩装饰。｜EN: Danish artisan freehands with vivid accents, metalwork and organic shapes.",Poul Winsløw 是丹麦知名手工制斗师，早年师从 Preben Holm 体系，作品常带有自由式轮廓、丰富装饰材料和强烈视觉风格。相比极简丹麦线条，他的作品更外放、更具装饰性。,Poul Winsløw 出生于 1951 年，年轻时进入 Preben Holm 工作室学习制斗。长期个人创作使其形成鲜明辨识度，市场上常按等级和饰面区分。,丹麦自由式；装饰材料；色彩强；手工斗；视觉外放,Crown；Handmade grades,喜欢自由式造型、装饰感和丹麦手工斗的玩家,https://pipedia.org/wiki/Winslow,https://www.haddockspipeshop.com/en/smoking-pipes/poul-winslow-pipes/,可入库,
37,Sara Eltang Pipes,sara-eltang-pipes,萨拉·艾尔唐,丹麦,Denmark,工坊品牌/品牌线,7,medium,品牌库显示,,"Tom Eltang 体系下的丹麦工坊线，以合理价格提供经典、优雅的日用烟斗。｜EN: A Danish workshop line from Tom Eltang’s setup, offering elegant classic shapes at accessible prices.",Sara Eltang Pipes 是 Tom Eltang 设计并建立的小型工坊线，名字来自他和 Pia Eltang 的小女儿 Sara。该系列强调在合理价格下提供结构扎实、造型优雅的经典烟斗。,Pipedia 资料提到，Tom Eltang 利用 Karl Erik 留下的设备建立小型生产体系，Kurt Hansen 等人参与制作，成品由 Tom 检查和手工修整。,Eltang 体系；经典斗型；价格友好；小型工坊,Sara Pipes；Smooth / Sandblast,想体验 Eltang 体系但预算有限的用户,https://pipedia.org/wiki/Sara_Pipes,https://pipedia.org/wiki/Eltang,可入库,建议作为 Tom Eltang 相关品牌线入库，而非独立高端手工制斗师。
38,TDPS,tdps,TDPS,丹麦,Denmark,店铺/自有商品牌,7,medium,仅展示品牌名,,,,,,,,https://www.danishpipeshop.com/d/The-Danish-Pipe-Shop-Cap-i174.html,,仅展示品牌名,非独立品牌或重复/系列/单品项；品牌库可仅展示名称，详情内容不展开，并在商品库归并到母品牌。
39,Anne Julie,anne-julie,安妮·朱莉,丹麦,Denmark,独立手工制斗师,6,medium,品牌库显示,,"丹麦重要女性制斗师，作品兼具艺术气质、自由式线条和收藏价值。｜EN: A notable Danish female pipe maker known for artistic expression, freehand forms and collectability.",Anne Julie 是丹麦烟斗史中极具辨识度的女性制斗师，同时也是画家。她的作品以艺术化表达、自由式线条和强烈个人风格见长，在丹麦、日本、德国和美国等市场都有收藏者关注。,Anne Julie 与丹麦黄金时代制斗圈关系深厚。Pipedia 和 Danish Pipe Shop 均将她视为丹麦烟斗史上重要人物之一，作品常被视作艺术性强的高端手工斗。,丹麦名家；女性制斗师；艺术化；高收藏性,Unica；Freehand,高端手工斗收藏者、丹麦名家爱好者,https://pipedia.org/wiki/Anne_Julie,https://www.danishpipeshop.com/l/pipes/Anne-Julie-,可入库,可入库，适合重点品牌/制斗师页。
40,Bentley by Former,bentley-by-former,宾利 by Former,丹麦/德国,Denmark / Germany,设计师品牌线,6,medium,品牌库显示,,"Former 设计参与的烟斗品牌线，强调丹麦设计与德国工艺结合。｜EN: A pipe line associated with Former’s design, blending Danish design and German precision.",Bentley by Former 是与丹麦制斗师 Former（Hans Jonny Nielsen）设计相关的品牌线。Danish Pipe Shop 将其描述为“丹麦设计与德国精密”的结合，适合按设计师品牌线展示，而非普通汽车品牌 Bentley。,公开资料主要来自零售商页面和二手市场记录，系统品牌史不多。展示时建议突出 Former 设计关联与现代工艺，不虚构创立年份。,Former 设计；丹麦设计；德国工艺；现代品牌线,Bentley by Former；Former’s Design,喜欢 Former 风格但预算更友好的用户,https://www.danishpipeshop.com/l/pipes/Bentley-by-Former-/-f%2CPipe-Set%2C%2CPorcelain,https://www.mbsdpipes.com/product-category/pipe-brand/bentley-formers-design/,可入库,不是汽车品牌 Bentley；建议作为 Former 相关设计品牌线展示。
41,Karl Erik,karl-erik,卡尔·埃里克,丹麦,Denmark,历史工坊品牌,6,medium,品牌库显示,,"丹麦自由式烟斗代表名号之一，由 Karl Erik Ottendahl 打造，曾大量进入国际市场。｜EN: A Danish freehand pipe name by Karl Erik Ottendahl, widely seen in international estate markets.",Karl Erik 是丹麦制斗师 Karl Erik Ottendahl 的品牌名号，是丹麦自由式烟斗在国际市场中的常见代表。其作品多见自然木纹、Plateau 边缘和自由式大斗型。,Karl Erik 在丹麦手工斗黄金时期具有较高辨识度。公开资料显示，其品牌也与后来的 Sara Eltang 生产体系存在设备传承上的关联。,丹麦自由式；Plateau；自然纹理；二手市场常见,Handmade；Freehand,喜欢丹麦自由式和老斗的玩家,https://pipedia.org/wiki/Karl_Erik,https://pipedia.org/wiki/Sara_Pipes,可入库,可入库；不宜与单一系列混淆。
42,Ken Dederichs,ken-dederichs,,丹麦,Denmark,独立手工制斗师,6,medium,仅展示品牌名,,,,,,,,https://www.danishpipeshop.com/,https://pipedia.org/wiki/Main_Page,仅展示品牌名,未查到足够可靠的公开品牌资料；品牌库可仅展示名称，不展开简介、背景或代表系列。
43,Flávia Rodrigues,flavia-rodrigues,弗拉维娅·罗德里格斯,巴西,Brazil,独立手工制斗师,5,medium,品牌库显示,,"巴西女性制斗师，作品融合丹麦比例、传统斗型和本土装饰材料。｜EN: Brazilian artisan pipes blending Danish cues, classic shapes and native accent materials.",Flávia Rodrigues 是巴西制斗师，最初在伴侣 Gustavo Cunha 的支持和指导下接触制斗。她的作品常以传统斗型为基础，融入丹麦制斗比例，并使用巴西本土材质作装饰。,Pipedia 资料提到，Flávia Rodrigues 受到 Tom Eltang、Former、Becker 和 Chris Asteriou 等制斗师影响，同时也在探索更自由的巴西表达。,巴西手工；丹麦影响；本土装饰；女性制斗师,Handmade；Freehand,关注新兴独立制斗师和南美手工斗的玩家,https://pipedia.org/wiki/Fl%C3%A1via_Rodrigues,https://pipedia.org/wiki/Category:Brazil,可入库,已补充 Pipedia 来源，可入库。
44,Ib Loran,ib-loran,伊布·洛兰,丹麦,Denmark,历史制斗师,5,medium,品牌库显示,,"丹麦 Pipe-Dan 体系中的制斗师，作品属于老派丹麦手工斗传统。｜EN: A Danish pipe maker associated with Pipe-Dan, rooted in classic Danish handmade tradition.",Ib Loran 是丹麦制斗师，Pipedia 资料称其为 1960–1970 年代众多优秀丹麦制斗师之一，长期在 Pipe-Dan 工作室体系中制作烟斗。其作品适合按丹麦老派手工斗展示。,Ib Loran 并非大众知名大厂品牌，但在丹麦手工斗脉络中有清晰位置。其女儿 Tine Loran 后来也制作烟斗，作品风格与父亲有相似之处。,丹麦老派；Pipe-Dan；手工斗；二手市场,Pipe-Dan；Hand Cut Denmark,喜欢丹麦老斗和 Pipe-Dan 系统的玩家,https://pipedia.org/wiki/Ib_Loran,https://pipedia.org/wiki/Tine_Loran,可入库,已找到 Pipedia 资料，可入库。
45,Luiz Lavos,luiz-lavos,,巴西,Brazil,独立手工制斗师,5,medium,仅展示品牌名,,,,,,,,https://www.danishpipeshop.com/,https://pipedia.org/wiki/Main_Page,仅展示品牌名,未查到足够可靠的公开品牌资料；品牌库可仅展示名称，不展开简介、背景或代表系列。
46,Molina,molina,莫利纳,意大利,Italy,量产品牌/工厂品牌,5,medium,品牌库显示,,"意大利 Barasso 地区烟斗品牌，承接 Rossi 工厂传统，定位亲民实用。｜EN: An Italian pipe brand from Barasso, continuing the Rossi factory legacy with practical, accessible pipes.",Molina Pipe 起源于意大利伦巴第 Barasso，与老 Rossi 烟斗工厂遗产有关。品牌定位偏亲民实用，适合喜欢意大利斗型但预算不想过高的用户。,Pipedia 资料显示，Molina 源自老 Rossi 工厂留下的体系，而 Rossi 早在 20 世纪初即已开始烟斗生产。Molina 因此更适合以“意大利实用量产品牌”角度展示。,意大利制造；亲民实用；Rossi 传统；量产稳定,Barasso；Classic,新手、日用烟斗用户、意大利斗型爱好者,https://pipedia.org/wiki/Molina_Pipe,https://pipedia.org/wiki/Rossi,可入库,已查到 Pipedia 条目，可入库。
47,Eltang Basic Pipe,eltang-basic-pipe,,丹麦,Denmark,系列/单品,4,medium,仅展示品牌名,,,,,,,,https://www.danishpipeshop.com/l/pipes/Eltang-Basic-Pipes-,https://www.eltang.com/,仅展示品牌名,非独立品牌或重复/系列/单品项；品牌库可仅展示名称，详情内容不展开，并在商品库归并到母品牌。
48,Eriksen Keystone filter pipe,eriksen-keystone-filter-pipe,,丹麦,Denmark,系列/单品,4,medium,仅展示品牌名,,,,,,,,https://www.nordingpipes.com/pipes,,仅展示品牌名,非独立品牌或重复/系列/单品项；品牌库可仅展示名称，详情内容不展开，并在商品库归并到母品牌。
49,Nanna Ivarsson,nanna-ivarsson,南娜·伊瓦松,丹麦,Denmark,独立手工制斗师,4,medium,品牌库显示,,"丹麦 Ivarsson 家族制斗师，承袭 Sixten 与 Lars 的设计传统，作品稀少且具收藏性。｜EN: A Danish Ivarsson-family artisan, carrying the Sixten and Lars design lineage with rare collectible work.",Nanna Ivarsson 是丹麦 Ivarsson 家族制斗师，Sixten Ivarsson 的孙女、Lars Ivarsson 的女儿。公开资料显示她很早接触制斗，并被视作家族传统的重要延续者。,Ivarsson 家族在丹麦现代烟斗设计史中地位极高。Nanna 的作品数量相对有限，市场上更多以高端手工斗和收藏属性出现。,Ivarsson 家族；丹麦高端；设计感强；稀少收藏,Handmade；Ivarsson Lineage,高端丹麦手工斗收藏者,https://pipedia.org/wiki/Ivarsson%2C_Nanna,https://pipedia.org/wiki/Ivarsson%2C_Lars,可入库,可入库，适合高端制斗师条目。
50,Tao,tao,陶,丹麦,Denmark,独立手工制斗师,4,medium,品牌库显示,,"丹麦制斗师 Jens Tao Nielsen 的名号，与 Svendborg Piber 及丹麦自由式传统关系密切。｜EN: Danish pipes by Jens Tao Nielsen, closely tied to Svendborg Piber and Danish freehand tradition.",Tao 指丹麦制斗师 Jens Tao Nielsen。公开资料显示他与 Poul Ilsted Bech 共同创办 Svendborg Piber，后来离开并开设自己的工作室。其作品属于丹麦自由式传统的重要一支。,Jens Tao Nielsen 早年曾远航，后进入制斗领域。他与 Svendborg Piber 的关系，使 Tao 在丹麦手工斗史中具有明确位置。,丹麦自由式；Svendborg 关联；手工名家；老派传统,Tao；Svendborg Piber,丹麦名家收藏者、自由式爱好者,https://pipedia.org/wiki/Jens_Tao_Nielsen,https://pipedia.org/wiki/Svendborg_Piber,可入库,Tao 应写作 Jens Tao Nielsen 的制斗名号。
51,Herriot Pipes,herriot-pipes,,丹麦,Denmark,待核验品牌,3,medium,仅展示品牌名,,,,,,,,https://www.danishpipeshop.com/,https://pipedia.org/wiki/Main_Page,仅展示品牌名,未查到足够可靠的公开品牌资料；品牌库可仅展示名称，不展开简介、背景或代表系列。
52,Manduela,manduela,曼杜埃拉,丹麦,Denmark,独立手工制斗师,3,medium,品牌库显示,,"丹麦女性制斗师 Manduela Riger-Kusk，以小型烟斗和鲜明个人风格著称。｜EN: Danish artisan Manduela Riger-Kusk, noted for distinctive small pipes and personal style.",Manduela 是丹麦制斗师 Manduela Riger-Kusk 的名号。Pipedia 资料称她以制作非常有辨识度的小型烟斗而知名，同时也是丹麦电视舞台设计师。,Manduela 是丹麦制斗师圈中少见的女性制斗师之一，作品数量不大，但个性突出。部分后辈制斗师也曾受到她的指导或影响。,丹麦手工；小型烟斗；女性制斗师；设计师背景,Small Pipes；Handmade,喜欢小型手工斗和丹麦小众名家的玩家,https://pipedia.org/wiki/Manduela,https://pipedia.org/wiki/Vagn_Nielsen,可入库,已找到 Pipedia 条目，可入库。
53,Poul Olsen,poul-olsen,波尔·奥尔森,丹麦,Denmark,烟具店品牌/委托制作,3,medium,品牌库显示,,丹麦哥本哈根烟具店品牌，烟斗多与 Poul Winsløw 制作体系相关。｜EN: Danish tobacconist brand with pipes associated with Poul Winsløw production.,Poul Olsen 是丹麦哥本哈根烟具店与品牌名，公开资料显示其烟斗由 Poul Winsløw 制作，常见一至四星等分级。它更接近店铺品牌/委托制作体系，适合放在丹麦历史烟斗与老斗脉络中理解。,Pipedia 将 Poul Olsen 描述为丹麦烟具商与品牌，并说明其烟斗由 Poul Winsløw 制作。由于市场上也会出现 Paul Olsen 拼写，表格中统一采用 Poul Olsen。,丹麦店铺品牌；Poul Winsløw相关；老斗市场；星级分级,1–4 Star graded pipes,丹麦老斗玩家、关注 Winsløw 体系的收藏者,https://pipedia.org/wiki/Olsen%2C_Poul,https://pipesmagazine.com/blog/industry-spotlight/the-danish-pipe-shop-in-copenhagen-denmark/,可入库,统一采用 Poul Olsen；第91行 Paul Olsen 作为拼写/变体归并。
54,Royal Copenhagen,royal-copenhagen,皇家哥本哈根,丹麦,Denmark,瓷器品牌/烟斗产品线,3,medium,品牌库显示,,"丹麦皇家瓷器品牌曾推出瓷质烟斗，属于特殊材质收藏向品类。｜EN: Royal Copenhagen’s porcelain pipe line, a distinctive collectible category from Denmark.",Royal Copenhagen 是丹麦皇家瓷器品牌，其烟斗并非传统石楠品牌。Pipedia 资料显示，工厂在 1970 年推出一组瓷质烟斗，包含 billiard、zulu、bent billiard 和 Golf Ball 等经典形制。,Royal Copenhagen 烟斗更适合作为特殊材质/收藏分类展示。早期产品曾因烟嘴连接问题收到反馈，约 1972 年改用反向榫结构后得到改善。,丹麦瓷器；特殊材质；收藏向；1970年代,Porcelain Pipes；Golf Ball,特殊材质收藏者、丹麦老物件爱好者,https://pipedia.org/wiki/Royal_Copenhagen,https://pipedia.org/wiki/Danish_Pipe_Brands_%26_Makers_R_-_T,可入库,不是传统石楠烟斗品牌；适合作为特殊材质品牌/产品线入库。
55,Tine Balleby,tine-balleby,蒂娜·巴勒比,丹麦,Denmark,独立手工制斗师,3,medium,品牌库显示,,"丹麦女性制斗师，Balleby 系统下的高端手工烟斗，强调严选石楠与细致完成度。｜EN: Danish artisan pipes from the Balleby line, known for selected briar and refined finishing.",Tine Balleby 是丹麦制斗师。Balleby Pipes 资料强调严选科西嘉石楠、长时间陈化和精细做工。其作品适合归入丹麦高端独立手工斗体系。,Balleby Pipes 的公开资料强调材料和工艺标准：精选 plateau 石楠、重视纹理和完成度。品牌库中可突出其高端手工属性。,丹麦高端；严选石楠；精细完成；女性制斗师,Balleby Pipes；Handmade,高端手工斗用户、丹麦工艺爱好者,https://pipedia.org/wiki/Tine_Balleby,https://pipedia.org/wiki/Balleby_Pipes,可入库,已找到 Pipedia 条目，可入库。
56,Winsløw Crown 200,winslow-crown-200,,丹麦,Denmark,系列/单品,3,medium,仅展示品牌名,,,,,,,,,,仅展示品牌名,非独立品牌或重复/系列/单品项；品牌库可仅展示名称，详情内容不展开，并在商品库归并到母品牌。
57,B. Madsen,b-madsen,布莱恩·马德森,丹麦,Denmark,独立手工制斗师,2,low,品牌库显示,,"丹麦独立制斗师 Brian G. Madsen，作品融合丹麦传统与现代线条。｜EN: Danish artisan Brian G. Madsen, blending classic Danish and modern design.",B. Madsen 通常指丹麦制斗师 Brian G. Madsen。公开资料显示，他出生于 1990 年，2014 年开始制斗，作品受传统丹麦风格与现代美式线条影响。市场上多见小批量手工斗，定位更偏独立制斗师作品。,Bisgaard 资料称 Brian G. Madsen 来自丹麦 Vejle，早年对木工感兴趣，接触烟斗后开始自学制斗，并曾向 Erik Nielsen 学习。,丹麦手工；现代线条；小批量；自学制斗；艺术感,Elephant’s Foot；Dublin,喜欢年轻丹麦独立制斗师、小批量手工斗和现代线条的玩家,https://www.bisgaard-piber.dk/smoking-pipes/brian-g-madsen.html,https://www.bisgaard-pipes.com/smoking-pipes/brian-g-madsen.html,可入库,修正上一版误套 Poul Winsløw 文案的问题。
58,Barling,barling,,英国,United Kingdom,历史品牌,2,low,品牌库显示,,"英国老牌烟斗名号，早期 Barling 被许多收藏者视为经典英斗代表。｜EN: Historic English pipes prized by vintage collectors, especially earlier periods.",Barling 是英国历史烟斗品牌之一，早期作品在老斗收藏圈评价较高。品牌经历多个时期和所有权变化，现代复兴产品与 vintage Barling 需要分开理解。,Barling 早期与海泡石斗装配和英国烟斗制造有关，后来成为英国石楠根烟斗重要名号。收藏市场通常特别关注 1960 年代以前的时期与戳记信息。,英国老牌；老斗收藏；经典斗型；戳记研究；时期差异,Ye Olde Wood；Fossil,英国老斗收藏者、重视历史脉络的玩家,https://pipedia.org/wiki/Barling,https://www.kopp-pipes.com/en/barling/,可入库,
59,Bjarne,bjarne,,丹麦,Denmark,工坊品牌,2,low,品牌库显示,,"Bjarne Nielsen 创立的丹麦品牌，市场上多见自由式和实用手工斗。｜EN: Danish brand founded by Bjarne Nielsen, known for accessible Danish-style pipes.",Bjarne 是由 Bjarne Nielsen 推动的丹麦烟斗品牌，曾通过雇用制斗师和国际销售形成较大影响。其产品常带有丹麦自由式元素，相比顶级名家更偏实用和可入手。,Bjarne Nielsen 早年自制烟斗，后来凭借商务背景把丹麦风格烟斗推向海外市场。1990 年代品牌在多个国家销售，形成较高市场能见度。,丹麦风格；自由式；价格相对友好；工坊体系；二手常见,Bjarne Handmade；Viking,想用较低预算体验丹麦风格的玩家,https://pipedia.org/wiki/Bjarne,https://rebornpipes.com/tag/bjarne-nielsen-handmade-pipes/,可入库,
60,Charatan's,charatan-s,,英国,United Kingdom,历史品牌,2,low,品牌库显示,,英国历史手工斗名号，早期 Charatan 老斗在收藏市场认可度高。｜EN: Historic English pipe name with strong vintage collector interest.,Charatan 是英国烟斗史中重要的历史品牌，尤其早期手工石楠斗在收藏市场常被关注。它与伦敦传统制斗、自由手工成形和英国老斗分级体系有关，不同时期品质差异较大。,品牌由 Charatan 家族在伦敦发展起来，资料常强调其从粗胚到成品的手工制斗传统。后来经历所有权变化，购买老斗时需结合戳记、年代和产地判断。,英国老牌；手工传统；戳记复杂；收藏向；年代差异大,Supreme；Selected,英国老斗收藏者、愿意研究年代戳记的进阶玩家,https://pipedia.org/wiki/Charatan,https://www.charatanlondon.com/,可入库,
61,Comoy's,comoy-s,,法国/英国,France / United Kingdom,历史品牌,2,low,品牌库显示,,源自法国圣克洛德、发展于伦敦的经典英法烟斗名号。｜EN: Historic Franco-British pipe name rooted in Saint-Claude and London.,Comoy’s 是连接法国圣克洛德与英国伦敦制斗史的重要品牌。其历史涉及 Comoy 家族在法国制斗传统中的起源，以及 Henri Comoy 到伦敦发展英式石楠根烟斗生产。,资料通常将 Comoy 家族制斗传统追溯到法国 Saint-Claude。1879 年 Henri Comoy 前往伦敦设厂，使 Comoy’s 成为英国石楠根烟斗发展中的重要名字。,英法渊源；经典英式；老斗收藏；戳记复杂；历史品牌,Blue Riband；Tradition,英国/法国老斗收藏者、关注戳记年代的玩家,https://pipedia.org/wiki/Comoy%27s,https://www.glpease.com/Pipes/Comoy.html,可入库,
62,Dollar Kapten Pipe,dollar-kapten-pipe,,待定,TBD,系列/单品,2,low,仅展示品牌名,,,,,,,,https://www.danishpipeshop.com/l/Pipes/Dollar-Pipes-/-f%2C%2C%2C%2CNo-Filter%2CPacifier-stem,,仅展示品牌名,非独立品牌或重复/系列/单品项；品牌库可仅展示名称，详情内容不展开，并在商品库归并到母品牌。
63,Mr. Andersen,mr-andersen,安德森先生,丹麦,Denmark,历史店铺品牌/委托制作,2,low,品牌库显示,,丹麦历史烟斗名号，由哥本哈根烟具商推出，作品多见于老斗市场。｜EN: Danish vintage pipe name introduced by a Copenhagen pipe dealer.,Mr. Andersen 是丹麦老烟斗市场中可见的历史品牌名。Pipedia 资料显示，该品牌由哥本哈根烟具商 Remo Sørensen 推出，实际制作来自不同制斗师，因此更适合作为“店铺品牌/委托制作”理解，而不是单一制斗师品牌。,关于 Mr. Andersen 的公开资料并不丰富，且制作者归属存在一定复杂性。现阶段建议以“丹麦历史店铺品牌”方式呈现，避免写成某一位固定制斗师的作品。,丹麦老斗；店铺品牌；委托制作；资料稀少,Danish Dublin；Freehand,老斗玩家、丹麦 vintage 收藏者、喜欢小众历史品牌的用户,https://pipedia.org/wiki/Mr._Andersen,https://www.danishpipeshop.com/l/Pipes/Miscellaneous1-/-f%2C%2C%2C%2C%2CSaddle-stem%2C%2CRating-III,可入库,上一版误判为非品牌项；本版修正为丹麦历史店铺品牌/委托制作。
64,Nørding - Hunting Pipe 2021,nording-hunting-pipe-2021,,丹麦,Denmark,系列/单品,2,low,仅展示品牌名,,,,,,,,https://www.nordingpipes.com/pipes,,仅展示品牌名,非独立品牌或重复/系列/单品项；品牌库可仅展示名称，详情内容不展开，并在商品库归并到母品牌。
65,Nørding Hunting Pipe 2022,nording-hunting-pipe-2022,,丹麦,Denmark,系列/单品,2,low,仅展示品牌名,,,,,,,,https://www.nordingpipes.com/pipes,,仅展示品牌名,非独立品牌或重复/系列/单品项；品牌库可仅展示名称，详情内容不展开，并在商品库归并到母品牌。
66,Ropp,ropp,,法国,France,历史品牌,2,low,品牌库显示,,法国历史品牌，以樱桃木和复古风格烟斗在玩家中有辨识度。｜EN: Historic French brand especially associated with cherrywood and vintage style.,Ropp 是法国历史烟斗品牌，尤其以 Cherrywood 樱桃木烟斗和复古造型被玩家认识。现代市场中的 Ropp 多与 Saint-Claude 传统制造体系相关，定位通常较亲民。,Ropp 早期从法国 Vosges 地区的木制管烟斗发展起来，后来进入 Saint-Claude 石楠根制造体系。樱桃木烟斗长期是品牌最具代表性的标签。,法国复古；樱桃木；亲民；传统斗型；轻巧,Cherrywood；Vintage Sandblast,喜欢复古风格、轻便和法国传统品牌的玩家,https://pipedia.org/wiki/Ropp,https://pipemuseum.nl/it/news/artikel-over-een-bijzonder-pijpenmerk,可入库,
67,S. Bang,s-bang,,丹麦,Denmark,高端工坊品牌,2,low,品牌库显示,,丹麦顶级工坊名号之一，以极高完成度和经典丹麦线条著称。｜EN: Elite Danish workshop pipes known for precision and refined Danish shaping.,S. Bang 是丹麦高端手工斗中的重要名号，由 Svend Bang 创立，后由 Per Hansen 与 Ulf Noltensmeier 制作。作品以精准比例、细腻完成度和典型丹麦审美著称，收藏属性很强。,S. Bang 1968 年始于哥本哈根烟具店。1984 年后 Per Hansen 与 Ulf Noltensmeier 接手制作，使品牌进入高端手工斗成熟阶段，2019 年前后结束常规生产。,丹麦顶级工坊；线条精准；完成度高；收藏向；稀缺,Smooth grades；Sandblast grades,高端收藏者、丹麦手工斗玩家,https://pipedia.org/wiki/S._Bang,https://www.smokingpipes.com/smokingpipesblog/single.cfm/post/bang-pipes-the-end-era,可入库,
68,Ashton,ashton,,英国,United Kingdom,高端工坊品牌,1,low,品牌库显示,,"英国现代高端手工斗代表，承接 Dunhill 经验，喷砂表现突出。｜EN: Modern English handmade pipes founded by Bill Taylor, known for strong sandblasts.",Ashton 由 Bill Ashton-Taylor 于 1983 年创立，是英国现代手工烟斗的重要品牌。其作品多为经典英式斗型，喷砂强烈、工程稳定，风格介于传统 Dunhill 气质与个人工坊制作之间。,Bill Taylor 曾在 Dunhill 工厂工作，后以 Ashton 名义独立制斗。品牌在 1980 年代以后被视为英国手工斗复兴中的代表之一，后来由 Jimmy Craig 延续。,英式经典；强喷砂；手工完成；Dunhill渊源；收藏向,Old Church；Pebble Grain,喜欢英国经典斗、高品质喷砂和收藏属性的玩家,https://www.smokingpipes.com/pipes/new/ashton/,https://pipedia.org/wiki/Ashton,可入库,
69,Ashton for Paul Olsen,ashton-for-paul-olsen,,英国,United Kingdom,委托/店铺相关单品,1,low,仅展示品牌名,,,,,,,,https://www.smokingpipes.com/pipes/new/ashton/,https://pipedia.org/wiki/Ashton,仅展示品牌名,非独立品牌或重复/系列/单品项；品牌库可仅展示名称，详情内容不展开，并在商品库归并到母品牌。
70,Benni Jørgensen,benni-jorgensen,本尼·约根森,丹麦,Denmark,独立手工制斗师,1,low,品牌库显示,,"丹麦制斗师 Benni Jørgensen 的手工烟斗，以传统丹麦线条和手工戳记见长。｜EN: Danish handmade pipes by Benni Jørgensen, known for classic Danish lines and handmade stamping.",Benni Jørgensen 是丹麦制斗师，其作品通常戳记为 Benni、Handmade、Made in Denmark。公开资料显示，光面斗有 1、2、3 等级，3 为最高等级。,Benni Pipes 是丹麦制斗师体系中的小众名号。资料还提到其儿子 Lasse Skovgaard 也是有才华的制斗师，二者都属于丹麦手工斗脉络。,丹麦手工；传统线条；分级清晰；小众名家,Benni Handmade；Grade 1-3,丹麦手工斗玩家、二手斗收藏者,https://pipedia.org/wiki/Benni_Pipes,https://pipedia.org/wiki/Skovgaard,可入库,修正上一版待核验，可入库。
71,Butz-Choquin,butz-choquin,,法国,France,历史/量产品牌,1,low,品牌库显示,,法国 Saint-Claude 传统品牌，历史悠久，经典法式斗型辨识度高。｜EN: Historic French brand from Saint-Claude with classic shapes and long heritage.,Butz-Choquin 是法国圣克洛德传统品牌之一，历史可追溯至 1858 年 Gustave Butz 与 Jean-Baptiste Choquin 的合作。品牌以法式经典斗型、装饰环和亲民系列为主。,最初的 Choquin 弯斗带有平底斗钵和长柄设计，后来品牌归入圣克洛德制造传统。现代 BC 产品需要关注生产时期与品牌延续情况。,法国传统；圣克洛德；经典斗型；历史品牌；价格友好,Maitre Pipier；Origine,喜欢法国传统和经典斗型的玩家,https://www.butzchoquin.com/,https://pipedia.org/wiki/Butz-Choquin,可入库,
72,Celius,celius,塞利乌斯,丹麦,Denmark,历史制斗师,1,low,品牌库显示,,"丹麦制斗师 Svend Axel Celius 的烟斗名号，与 Suhr’s Pibemageri 和 Pipe-Dan 传统有关。｜EN: Danish pipes by Svend Axel Celius, linked to Suhr’s Pibemageri and the Pipe-Dan tradition.",Celius 对应丹麦制斗师 Svend Axel Celius。Pipedia 资料显示，他约在 1959/60 年于哥本哈根 Suhr’s Pibemageri 开始制斗，并向 Poul Rasmussen 学习工艺。,Celius 后来与 Pipe-Dan 等丹麦烟斗圈有联系，属于丹麦手工斗黄金时期周边的重要制斗师之一。资料仍不算丰富，建议保守展示。,丹麦老派；Suhr 体系；Pipe-Dan 关联；手工斗,Celius；Handmade,丹麦老斗和小众制斗师爱好者,https://pipedia.org/wiki/Celius,https://pipedia.org/wiki/Holtorp,可入库,已找到 Pipedia 条目，可入库。
73,Dagner,dagner,,美国,United States,重复项/品牌别名,1,low,仅展示品牌名,,,,,,,,https://www.danishpipeshop.com/l/pipes/Dagner-Pipes-,https://pipedia.org/wiki/Dagner_Pipes,仅展示品牌名,非独立品牌或重复/系列/单品项；品牌库可仅展示名称，详情内容不展开，并在商品库归并到母品牌。
74,Eltang Basic,eltang-basic,,丹麦,Denmark,系列/单品,1,low,仅展示品牌名,,,,,,,,https://www.danishpipeshop.com/l/pipes/Eltang-Basic-Pipes-,https://www.eltang.com/,仅展示品牌名,非独立品牌或重复/系列/单品项；品牌库可仅展示名称，详情内容不展开，并在商品库归并到母品牌。
75,Finn Andersen,finn-andersen,芬恩·安德森,丹麦,Denmark,独立手工制斗师,1,low,品牌库显示,,"丹麦小众制斗师，作品戳记 Finn Andersen / Skovlunde，可能参与 Mr. Andersen 制作。｜EN: A lesser-known Danish pipemaker marked Finn Andersen / Skovlunde, possibly linked to Mr. Andersen pipes.","Finn Andersen 是较小众的丹麦制斗师。Pipedia 资料称其作品标记为 Finn Andersen, Skovlunde，并提到他可能是 Remo Sørensen 的 Mr. Andersen 烟斗制作者之一。",Finn Andersen 并未成为广为人知的名家，可能与手工丹麦斗市场低谷有关。现有资料仍带有不确定性，适合保守入库并保留备注。,丹麦小众；Skovlunde；Mr. Andersen 关联；资料有限,Finn Andersen；Mr. Andersen related,丹麦二手斗和小众制斗师收藏者,https://pipedia.org/wiki/Finn_Andersen,https://pipedia.org/wiki/Mr._Andersen,可入库,可入库但需保留“可能/关联”措辞。
76,Flemming,flemming,弗莱明·雅各布森,丹麦,Denmark,独立手工制斗师,1,low,品牌库显示,,"丹麦制斗师 Flemming Jakobsen，2012 年起制斗，位于 Svendborg。｜EN: Danish artisan Flemming Jakobsen, making pipes since 2012 in Svendborg.",Flemming 可对应丹麦制斗师 Flemming Jakobsen。公开资料显示其生于 1957 年，自 2012 年开始制作烟斗，位于丹麦 Svendborg，与 Tao、Ilsted 等丹麦制斗传统地理环境相近。,Flemming Jakobsen 的资料相对简短，但可确认其为丹麦制斗师。品牌库中不宜虚构系列，建议以“新近丹麦手工制斗师”呈现。,丹麦手工；Svendborg；新近制斗师；资料有限,Handmade；Flemming Jakobsen,关注当代丹麦小众制斗师的玩家,https://pipedia.org/wiki/Flemming_Jakobsen,https://pipedia.org/wiki/Category:Denmark,可入库,原表 Flemming 调整为 Flemming Jakobsen 相关条目。
77,Hartmann,hartmann,哈特曼,丹麦,Denmark,独立手工制斗师,1,low,品牌库显示,,"丹麦制斗师 Hans Hartmann 的烟斗名号，作品属于小众丹麦手工斗。｜EN: Danish handmade pipes by Hans Hartmann, a lesser-known artisan name.",Hartmann 对应丹麦制斗师 Hans Hartmann。Pipedia 资料收录其联系方式和丹麦地址，并将其列入丹麦手工制斗师脉络。系统资料较少，展示应以产地和手工属性为主。,Hartmann 不是大众品牌，但在丹麦手工斗资料库中有明确记录。品牌库可保守写为丹麦小众手工制斗师，不夸大知名度。,丹麦手工；小众制斗师；资料有限；二手市场,Handmade；Estate Hartmann,丹麦小众手工斗爱好者,https://pipedia.org/wiki/Hartmann,https://pipedia.org/wiki/Category:Denmark,可入库,已找到 Pipedia 条目，可入库但内容保守。
78,Holtorp,holtorp,霍尔托普,丹麦,Denmark,历史制斗师,1,low,品牌库显示,,"Pipe-Dan 周边的丹麦制斗师，Bird 斗型作品被视作丹麦经典之一。｜EN: A Danish maker around Pipe-Dan, whose Bird shape became a Danish classic.",Holtorp 是丹麦 Pipe-Dan 周边的制斗师。Pipedia 资料称他在 1960 年代至 1970 年代早期曾与 Sven Knudsen、Gert Holbek、Celius、Tom Eltang 等人一起工作，后期开设自己的工作室。,Holtorp 为 Pipe-Dan 制作的 Bird 形制被认为线条简洁，是丹麦设计中的经典造型之一。适合以老派丹麦设计和 Pipe-Dan 脉络展示。,Pipe-Dan；丹麦老派；Bird 斗型；简洁线条,Bird Shape；Pipe-Dan,丹麦老斗、Pipe-Dan 收藏者,https://pipedia.org/wiki/Holtorp,https://pipedia.org/wiki/Pibe-Dan,可入库,已找到 Pipedia 条目，可入库。
79,Jakobsen,jakobsen,,丹麦,Denmark,待核验品牌,1,low,仅展示品牌名,,,,,,,,https://www.danishpipeshop.com/,https://pipedia.org/wiki/Main_Page,仅展示品牌名,未查到足够可靠的公开品牌资料；品牌库可仅展示名称，不展开简介、背景或代表系列。
80,Ken Pipes,ken-pipes,,丹麦,Denmark,待核验品牌,1,low,仅展示品牌名,,,,,,,,https://www.danishpipeshop.com/,https://pipedia.org/wiki/Main_Page,仅展示品牌名,未查到足够可靠的公开品牌资料；品牌库可仅展示名称，不展开简介、背景或代表系列。
81,Kriswill,kriswill,克里斯威尔,丹麦,Denmark,历史量产品牌,1,low,品牌库显示,,"丹麦历史量产品牌，1960–70 年代与 Stanwell 并列为重要丹麦烟斗制造商。｜EN: A Danish historical factory brand, once a major maker alongside Stanwell in the 1960s–70s.",Kriswill 是丹麦历史烟斗品牌。Pipedia 资料称其创立于 1950 年代后期，是 1960–1970 年代丹麦两大烟斗制造商之一，规模可与 Stanwell 相提并论。,Kriswill 在丹麦烟斗出口黄金期具有代表性。今天更多以二手烟斗和老目录形式出现，适合作为丹麦历史量产品牌展示。,丹麦历史；量产大厂；1960-70年代；二手市场,Kriswill Handmade；Mainstay,丹麦老斗用户、历史品牌收藏者,https://pipedia.org/wiki/Kriswill,https://pipedia.org/images/d/d2/Kriswill-Catalog-April1970.pdf,可入库,可入库，建议重点展示。
82,KS Pipe,ks-pipe,,丹麦,Denmark,待核验品牌,1,low,仅展示品牌名,,,,,,,,https://www.danishpipeshop.com/,https://pipedia.org/wiki/Main_Page,仅展示品牌名,未查到足够可靠的公开品牌资料；品牌库可仅展示名称，不展开简介、背景或代表系列。
83,Lasse Skovgaard,lasse-skovgaard,拉塞·斯科夫高,丹麦,Denmark,独立手工制斗师,1,low,品牌库显示,,"丹麦制斗师 Lasse Skovgaard Jørgensen，Benni Jørgensen 之子，作品偏现代丹麦手工。｜EN: Danish artisan Lasse Skovgaard Jørgensen, son of Benni Jørgensen, known for modern Danish handmade pipes.",Lasse Skovgaard Jørgensen 是丹麦制斗师，Pipedia 资料显示其居住在丹麦西兰岛南部，早年即以制斗师身份出现。其父 Benni Jørgensen 也是丹麦制斗师。,Skovgaard 属于丹麦新一代独立制斗师脉络，作品也曾与 Stanwell 年度斗设计资料出现关联。适合以现代丹麦手工斗展示。,丹麦手工；新一代；家族制斗；现代线条,Skovgaard Handmade；Stanwell design related,关注现代丹麦手工斗的玩家,https://pipedia.org/wiki/Skovgaard,https://pipedia.org/wiki/Benni_Pipes,可入库,已找到 Pipedia 条目，可入库。
84,Leopold,leopold,,待定,TBD,待核验品牌,1,low,仅展示品牌名,,,,,,,,https://www.danishpipeshop.com/,https://pipedia.org/wiki/Main_Page,仅展示品牌名,未查到足够可靠的公开品牌资料；品牌库可仅展示名称，不展开简介、背景或代表系列。
85,Lyst Danmark,lyst-danmark,Lyst Danmark,丹麦,Denmark,系统斗/待核验品牌,1,low,品牌库显示,,丹麦 Lyst System 系统斗，采用特殊双层斗钵设计，资料有限。｜EN: Danish Lyst System pipes with a distinctive two-part bowl design.,Lyst Danmark 可对应 Lyst System。Pipedia 资料称 Lyst System 烟斗来自丹麦，标记为 Danmark，其“System”指两段式斗钵结构，有类似隐蔽 calabash 的设计思路。,Lyst System 的品牌史资料较少，但其结构特征比较明确。品牌库可作为特殊系统斗条目展示，内容保持简洁。,丹麦；系统斗；双层斗钵；结构设计,Lyst System,喜欢特殊结构和系统斗的用户,https://pipedia.org/wiki/Lyst_System,https://pipedia.org/wiki/Category:Denmark,可入库,原表 Lyst Danmark 调整为 Lyst System / Lyst Danmark 相关条目。
86,Masta,masta,马斯塔,英国,United Kingdom,历史系统斗品牌,1,low,品牌库显示,,英国历史烟斗品牌，约 1900 年创立，后并入 Parker-Hardcastle 体系。｜EN: A British historical pipe brand founded around 1900 and later absorbed into Parker-Hardcastle.,Masta 是英国历史烟斗品牌，Pipedia 资料称其约创立于 1900 年。1967 年 Parker Hardcastle Limited 成立后，Masta Patent Pipe Company 被纳入其中。,Masta 与英国系统斗和 Parker-Hardcastle / Dunhill 体系存在历史关联。今天更多以老斗和收藏资料形式出现。,英国历史；系统斗；Parker-Hardcastle；老斗收藏,Masta Patent；MastaFoster,英国老斗和系统斗收藏者,https://pipedia.org/wiki/Masta,https://pipedia.org/wiki/Hardcastle,可入库,已找到 Pipedia 条目，可入库。
87,Nording Compass,nording-compass,,丹麦,Denmark,系列/单品,1,low,仅展示品牌名,,,,,,,,https://www.nordingpipes.com/pipes,,仅展示品牌名,非独立品牌或重复/系列/单品项；品牌库可仅展示名称，详情内容不展开，并在商品库归并到母品牌。
88,Nørding Hunting Pipe 2023,nording-hunting-pipe-2023,,丹麦,Denmark,系列/单品,1,low,仅展示品牌名,,,,,,,,https://www.nordingpipes.com/pipes,,仅展示品牌名,非独立品牌或重复/系列/单品项；品牌库可仅展示名称，详情内容不展开，并在商品库归并到母品牌。
89,Nording Keystone/Shorty,nording-keystone-shorty,,丹麦,Denmark,系列/单品,1,low,仅展示品牌名,,,,,,,,https://www.nordingpipes.com/pipes,,仅展示品牌名,非独立品牌或重复/系列/单品项；品牌库可仅展示名称，详情内容不展开，并在商品库归并到母品牌。
90,Parker,parker,帕克,英国,United Kingdom,历史品牌/Dunhill 副线,1,low,品牌库显示,,英国历史烟斗品牌，与 Dunhill / Parker-Hardcastle 体系关系密切，常见于老斗市场。｜EN: A British historical pipe brand closely tied to Dunhill and Parker-Hardcastle.,Parker 是英国历史烟斗品牌，与 Dunhill、Hardcastle 和 Parker-Hardcastle 体系关系紧密。资料显示，Dunhill 曾收购 Parker Pipe，并在 1967 年将 Hardcastle 与 Parker 合并为 Parker-Hardcastle。,Parker 烟斗不应与 Parker 钢笔或工业品牌混淆。作为烟斗品牌，它更适合作为英国老斗和 Dunhill 副线脉络展示。,英国老斗；Dunhill 关联；Parker-Hardcastle；副线品牌,Parker-Hardcastle；Parker Super Briar Bark,英国老斗玩家、Dunhill 副线收藏者,https://pipedia.org/wiki/Dunhill,https://pipedia.org/wiki/Hardcastle,可入库,需避免与 Parker 钢笔/工业品牌混淆；本条为烟斗品牌。
91,Paul Olsen,paul-olsen,,丹麦,Denmark,重复项/拼写变体,1,low,仅展示品牌名,,,,,,,,https://pipedia.org/wiki/Olsen%2C_Poul,,仅展示品牌名,非独立品牌或重复/系列/单品项；品牌库可仅展示名称，详情内容不展开，并在商品库归并到母品牌。
92,Peter Heding,peter-heding,彼得·赫丁,丹麦,Denmark,独立手工制斗师,1,low,品牌库显示,,丹麦独立制斗师 Peter Heding 的手工烟斗，属于小众现代丹麦作品。｜EN: Handmade Danish pipes by independent artisan Peter Heding.,Peter Heding 是丹麦制斗师，Pipedia 收录其丹麦地址和 Heding Pipes 联系信息。公开资料不多，但可确认其为丹麦手工制斗师条目。,Peter Heding 的详细品牌史资料有限，品牌库不宜虚构师承和系列。建议以库存实物、手工属性和丹麦产地为主。,丹麦手工；小众制斗师；现代作品；资料有限,Heding Pipes；Handmade,关注小众丹麦制斗师的玩家,https://pipedia.org/wiki/Heding,https://www.danishpipeshop.com/l/pipes/-f%2C%2CMorta-Olive-Strawberry,可入库,可入库但内容需保持保守。
93,Pipe Key Ring,pipe-key-ring,,待定,TBD,非品牌项,1,low,仅展示品牌名,,,,,,,,,,仅展示品牌名,非独立品牌或重复/系列/单品项；品牌库可仅展示名称，详情内容不展开，并在商品库归并到母品牌。
94,Pipepack,pipepack,,待定,TBD,非品牌项,1,low,仅展示品牌名,,,,,,,,,,仅展示品牌名,非独立品牌或重复/系列/单品项；品牌库可仅展示名称，详情内容不展开，并在商品库归并到母品牌。
95,Rattray's The Witch Brushed Red 200,rattray-s-the-witch-brushed-red-200,,苏格兰,Scotland,系列/单品,1,low,仅展示品牌名,,,,,,,,https://www.rattrays-pipes.com/en/Rattray-s-The-Witch-Brushed-Red-203/17376,https://www.danishpipeshop.com/l/Pipes/Rattrays-Pipes-/-f%2C%2C%2C%2C%2C%2C%2C%2C%2C%2C%2CThe-Witch%2C%2C%2C%2C%2C%2C%2C%2COnly-available,仅展示品牌名,非独立品牌或重复/系列/单品项；品牌库可仅展示名称，详情内容不展开，并在商品库归并到母品牌。
96,Rattray's The Witch Brushed Red 201,rattray-s-the-witch-brushed-red-201,,苏格兰,Scotland,系列/单品,1,low,仅展示品牌名,,,,,,,,https://www.rattrays-pipes.com/en/Rattray-s-The-Witch-Brushed-Red-203/17376,https://www.danishpipeshop.com/l/Pipes/Rattrays-Pipes-/-f%2C%2C%2C%2C%2C%2C%2C%2C%2C%2C%2CThe-Witch%2C%2C%2C%2C%2C%2C%2C%2COnly-available,仅展示品牌名,非独立品牌或重复/系列/单品项；品牌库可仅展示名称，详情内容不展开，并在商品库归并到母品牌。
97,Rattray's The Witch Brushed Red 202,rattray-s-the-witch-brushed-red-202,,苏格兰,Scotland,系列/单品,1,low,仅展示品牌名,,,,,,,,https://www.rattrays-pipes.com/en/Rattray-s-The-Witch-Brushed-Red-203/17376,https://www.danishpipeshop.com/l/Pipes/Rattrays-Pipes-/-f%2C%2C%2C%2C%2C%2C%2C%2C%2C%2C%2CThe-Witch%2C%2C%2C%2C%2C%2C%2C%2COnly-available,仅展示品牌名,非独立品牌或重复/系列/单品项；品牌库可仅展示名称，详情内容不展开，并在商品库归并到母品牌。
98,Rattray's The Witch Brushed Red 203,rattray-s-the-witch-brushed-red-203,,苏格兰,Scotland,系列/单品,1,low,仅展示品牌名,,,,,,,,https://www.rattrays-pipes.com/en/Rattray-s-The-Witch-Brushed-Red-203/17376,https://www.danishpipeshop.com/l/Pipes/Rattrays-Pipes-/-f%2C%2C%2C%2C%2C%2C%2C%2C%2C%2C%2CThe-Witch%2C%2C%2C%2C%2C%2C%2C%2COnly-available,仅展示品牌名,非独立品牌或重复/系列/单品项；品牌库可仅展示名称，详情内容不展开，并在商品库归并到母品牌。
99,Rattray's The Witch Brushed Red 204,rattray-s-the-witch-brushed-red-204,,苏格兰,Scotland,系列/单品,1,low,仅展示品牌名,,,,,,,,https://www.rattrays-pipes.com/en/Rattray-s-The-Witch-Brushed-Red-203/17376,https://www.danishpipeshop.com/l/Pipes/Rattrays-Pipes-/-f%2C%2C%2C%2C%2C%2C%2C%2C%2C%2C%2CThe-Witch%2C%2C%2C%2C%2C%2C%2C%2COnly-available,仅展示品牌名,非独立品牌或重复/系列/单品项；品牌库可仅展示名称，详情内容不展开，并在商品库归并到母品牌。
100,Rattray's The Witch Brushed Red 205,rattray-s-the-witch-brushed-red-205,,苏格兰,Scotland,系列/单品,1,low,仅展示品牌名,,,,,,,,https://www.rattrays-pipes.com/en/Rattray-s-The-Witch-Brushed-Red-203/17376,https://www.danishpipeshop.com/l/Pipes/Rattrays-Pipes-/-f%2C%2C%2C%2C%2C%2C%2C%2C%2C%2C%2CThe-Witch%2C%2C%2C%2C%2C%2C%2C%2COnly-available,仅展示品牌名,非独立品牌或重复/系列/单品项；品牌库可仅展示名称，详情内容不展开，并在商品库归并到母品牌。
101,SON (Nording),son-nording,,丹麦,Denmark,历史副牌/待核验,1,low,仅展示品牌名,,,,,,,,https://rebornpipes.com/2017/12/06/breathing-new-life-into-a-son-freehand-an-early-nording-pipe/,,仅展示品牌名,非独立品牌或重复/系列/单品项；品牌库可仅展示名称，详情内容不展开，并在商品库归并到母品牌。
102,Svendborg,svendborg,斯文堡,丹麦,Denmark,历史工坊品牌,1,low,品牌库显示,,"丹麦 Svendborg Piber 工坊品牌，由 Jens Tao Nielsen 与 Poul Ilsted Bech 共同创立。｜EN: Danish workshop brand Svendborg Piber, founded by Jens Tao Nielsen and Poul Ilsted Bech.",Svendborg 对应 Svendborg Piber，是丹麦历史工坊品牌。Pipedia 资料显示，Jens Tao Nielsen 与 Poul Ilsted Bech 在 1970 年左右买下一家旧烟斗工厂并发展该品牌。,Svendborg Piber 在 1970 年代发展较好，后来 Tao Nielsen 与 Henrik Jørgensen 之间出现分歧，Tao 于 1981 年离开并开设自己的工作室。,丹麦历史工坊；Svendborg；Tao 关联；Ilsted 关联,Svendborg Piber；Tao-related,丹麦老斗、自由式历史爱好者,https://pipedia.org/wiki/Svendborg_Piber,https://pipedia.org/wiki/Jens_Tao_Nielsen,可入库,原表 Svendborg 建议规范为 Svendborg Piber。
103,Thurmann,thurmann,图尔曼,丹麦,Denmark,历史制斗师/工坊品牌,1,low,品牌库显示,,"丹麦 Bjørn Thurmann 的制斗名号，源于哥本哈根烟斗店与手工制斗传统。｜EN: Danish pipes by Bjørn Thurmann, rooted in Copenhagen pipe-shop and handmaking tradition.",Thurmann 对应 Thurmann Piber / Bjørn Thurmann。Pipedia 资料显示，其父母于 1953 年在哥本哈根市中心开设烟斗店，Bjørn 从早期便参与其中。,Thurmann Piber 属于丹麦较小众但有明确资料的历史制斗师/工坊名号。可作为丹麦老斗品牌页保守展示。,丹麦历史；哥本哈根；手工工坊；二手市场,Thurmann Piber；Handmade,丹麦老斗和小众工坊收藏者,https://pipedia.org/wiki/Thurmann_Piber,https://pipedia.org/wiki/Danish_Pipe_Brands_%26_Makers_R_-_T,可入库,已找到 Pipedia 条目，可入库。
104,White Star,white-star,白星,丹麦,Denmark,Georg Jensen 副牌/量产品牌,1,low,品牌库显示,,"丹麦 Georg Jensen 体系副牌，价格亲民，常见于实用型入门烟斗。｜EN: Danish Georg Jensen sub-brand, known for practical value-oriented pipes.",White Star 是丹麦 Georg Jensen 体系下的副牌/二线品牌，公开资料显示其原为 Georg Jensen 的子品牌。市场上常见 White Star 入门与实用型石楠根烟斗，风格偏简洁、价格友好，更适合作为日常使用选择，而非高端收藏线。,Danish Pipe Shop 与 Pipedia 均将 White Star 归入丹麦烟斗品牌/制斗名录，并指出它与 Georg Jensen 体系有关。由于资料多来自零售与烟斗百科来源，后续仍可补充更多品牌原始资料。,丹麦副牌；入门实用；价格友好；简洁斗型,Ancona,预算友好型玩家、新手、日常使用者,https://www.danishpipeshop.com/l/Pipes/White-Star-/-f%2C%2CShow-all,https://pipedia.org/wiki/Danish_Pipe_Brands_%26_Makers_U_-_Z,可入库,与第13行 White Star Pipes 归并；保留 White Star 为品牌页。
105,Willbo,willbo,威尔博,丹麦,Denmark,待核验品牌,1,low,仅展示品牌名,,,,,,,,https://pipedia.org/wiki/Willbo,https://pipedia.org/wiki/Danish_Pipe_Brands_%26_Makers_U_-_Z,仅展示品牌名,Pipedia 明确标注 Need Information / mystery pipe；可仅展示品牌名，不展开详情。
